{
  "valid": 1000,
  "accuracy": 0.679,
  "precision": 0.6850393700787402,
  "recall": 0.564935064935065,
  "f1": 0.6192170818505338,
  "tn": 418,
  "fp": 120,
  "fn": 201,
  "tp": 261
}