model,threshold,accuracy,precision,recall,f1,tn,fp,fn,tp
toxic_bert_finetuned,0.58,0.8246097337006428,0.9224952741020794,0.665303340149966,0.7730693069306931,1718,82,491,976
