{
  "valid": 3267,
  "accuracy": 0.7640036730945822,
  "precision": 0.7025611175785798,
  "recall": 0.8227675528289026,
  "f1": 0.7579277864992151,
  "tn": 1289,
  "fp": 511,
  "fn": 260,
  "tp": 1207
}